{"cameraMode":{"drawMode":0,"name":"Shaded","section":"Shading Mode"},"sceneLighting":true,"audioPlay":false,"sceneViewState":{"showFog":true,"showMaterialUpdate":false,"showSkybox":true,"showFlares":true,"showImageEffects":true,"showParticleSystems":true},"in2DMode":false,"pivot":{"x":-0.9417327642440796,"y":0.20487534999847413,"z":3.348904609680176},"rotation":{"x":0.1421978622674942,"y":0.04186959192156792,"z":-0.006008286960422993,"w":0.9889340996742249},"size":38.282596588134769,"orthographic":false}